# 第4章 运算符

## 1. 算术运算符

算术运算符主要用于数学运算，其可以连接运算符前后的两个数值或表达式，对数值或表达式进行加（+）、减（-）、乘（*）、除（/）和取模（%）运算。

|  运算符   |    名称     |      作用      |                    示例                    |
|:------:|:---------:|:------------:|:----------------------------------------:|
|   +    |   加法运算符   | 计算两个值或表达式的和  |               SELECT A + B               |
|   -    |   减法运算符   | 计算两个值或表达式的差  |               SELECT A - B               |
|   *    |   乘法运算符   | 计算两个值或表达式的乘积 |               SELECT A * B               |
| / 或DIV |   除法运算符   | 计算两个值或表达式的商  | SELECT A / B <br/>或者<br/> SELECT A DIV B |
| % 或MOD | 求模（求余）运算符 | 计算两个值或表达式的余数 | SELECT A % B <br/>或者<br/> SELECT A MOD B |


### 1.1 加法与减法运算符
 
```
mysql> SELECT 100, 100 + 0, 100 - 0, 100 + 50, 100 + 50 -30, 100 + 35.5, 100 - 35.5
FROM dual;

+-----+---------+---------+----------+--------------+------------+------------+
| 100 | 100 + 0 | 100 - 0 | 100 + 50 | 100 + 50 -30 | 100 + 35.5 | 100 - 35.5 |
+-----+---------+---------+----------+--------------+------------+------------+
| 100 | 100     | 100     | 150      | 120          | 135.5      | 64.5       |
+-----+---------+---------+----------+--------------+------------+------------+
1 row in set (0.00 sec)
```

由运算结果可以得出如下结论：
* 一个整数类型的值对整数进行加法和减法操作，结果还是一个整数；
* 一个整数类型的值对浮点数进行加法和减法操作，结果是一个浮点数；
* 加法和减法的优先级相同，进行先加后减操作与进行先减后加操作的结果是一样的；
* 在Java中，+的左右两边如果有字符串，那么表示字符串的拼接。但是在MySQL中+只表示数值相加。如果遇到非数值类型，先尝试转成数值，如果转失败，就按0计算。（补充：MySQL中字符串拼接要使用字符串函数CONCAT()实现）

```
# 在SQL中，'+'没有连接的作用，就表示加法运算。此时，会将字符串转换为数值（隐式转换）
# 在Java语言中，结果是：1001。
SELECT 100 + '1'  
FROM DUAL;

# 此时将'a'看做0处理
SELECT 100 + 'a' 
FROM DUAL;

# null值参与运算，结果为null
SELECT 100 + NULL 
FROM DUAL;
```

### 1.2 乘法与除法运算符

```
mysql> SELECT 100, 100 * 1, 100 * 1.0, 100 / 1.0, 100 / 2,100 + 2 * 5 / 2,100 /3, 100 DIV 0 FROM dual;
+-----+---------+-----------+-----------+---------+-----------------+---------+-----------+
| 100 | 100 * 1 | 100 * 1.0 | 100 / 1.0 | 100 / 2 | 100 + 2 * 5 / 2 | 100 /3  | 100 DIV 0 |
+-----+---------+-----------+-----------+---------+-----------------+---------+-----------+
| 100 | 100     | 100.0     | 100.0000  | 50.0000 | 105.0000        | 33.3333 | NULL      |
+-----+---------+-----------+-----------+---------+-----------------+---------+-----------+
1 row in set (0.00 sec)
```

```
#计算出员工的年基本工资
SELECT employee_id,salary,salary * 12 annual_sal
FROM employees;
```

由运算结果可以得出如下结论：
* 一个数乘以整数1和除以整数1后仍得原数；
* 一个数乘以浮点数1和除以浮点数1后变成浮点数，数值与原数相等；
* 一个数除以整数后，不管是否能除尽，结果都为一个浮点数；
* 一个数除以另一个数，除不尽时，结果为一个浮点数，并保留到小数点后4位；
* 乘法和除法的优先级相同，进行先乘后除操作与先除后乘操作，得出的结果相同。
* 在数学运算中，0不能用作除数，在MySQL中，一个数除以0为NULL。

### 1.3. 求模（求余）运算符

```
mysql> SELECT 12 % 3, 12 MOD 5 FROM dual;
+--------+----------+
| 12 % 3 | 12 MOD 5 |
+--------+----------+
| 0      | 2        |
+--------+----------+
1 row in set (0.00 sec)
```

```
#筛选出employee_id是偶数的员工
SELECT * 
FROM employees
WHERE employee_id MOD 2 = 0;
```

`%`与`MOD`均可表示求模运算

## 2. 比较运算符

比较运算符用来对表达式左边的操作数和右边的操作数进行比较，比较的结果为真则返回1，比较的结果为假则返回0，其他情况则返回NULL。

比较运算符经常被用来作为SELECT查询语句的条件来使用，返回符合条件的结果记录。

|  运算符   |   名称    |                作用                |                                   示例                                    |
|:------:|:-------:|:--------------------------------:|:-----------------------------------------------------------------------:|
|   =    |  等于运算符  |        判断两个值、字符串或表达式是否相等         |                     SELECT C FROM TABLE WHERE A = B                     |
|  <=>   | 安全等于运算符 |       安全地判断两个值、字符串或表达式是否相等       |                    SELECT C FROM TABLE WHERE A <=> B                    |
| <>(!=) | 不等于运算符  |        判断两个值、字符串或表达式是否不相等        | SELECT C FROM TABLE WHERE A <> B <br/> SELECT C FROM TABLE WHERE A != B |
|   <    |  小于运算符  |  判断前面的值、字符串或表达式是否小于后面的值、字符串或表达式  |                     SELECT C FROM TABLE WHERE A < B                     |
|   <=   | 小于等于运算符 | 判断前面的值、字符串或表达式是否小于等于后面的值、字符串或表达式 |                    SELECT C FROM TABLE WHERE A <= B                     |
|   \>   |  大于运算符  |  判断前面的值、字符串或表达式是否大于后面的值、字符串或表达式  |                     SELECT C FROM TABLE WHERE A > B                     |
|  \>=   | 大于等于运算符 | 判断前面的值、字符串或表达式是否大于等于后面的值、字符串或表达式 |                    SELECT C FROM TABLE WHERE A >= B                     |

此外，还有非符号类型的运算符：

|     运算符     |    名称    |          作用          |                     示例                      |
|:-----------:|:--------:|:--------------------:|:-------------------------------------------:|
|   IS NULL   |  为空运算符   |   判断值、字符串或表达式是否为空    |     SELECT B FROM TABLE WHERE A IS NULL     |
| IS NOT NULL |  不为空运算符  |   判断值、字符串或表达式是否为不空   |   SELECT B FROM TABLE WHERE A IS NOT NULL   |
|    LEAST    |  最小值运算符  |      在多个值中返回最小值      |   SELECT D FROM TABLE WHERE C LEAST(A,B)    |
|  GREATEST   |  最大值运算符  |      在多个值中返回最大值      |  SELECT D FROM TABLE WHERE C GREATEST(A,B)  |
| BETWEEN AND | 两值之间运算符  |    判断一个值是否在两个值之间     | SELECT D FROM TABLE WHERE C BETWEEN A AND B |
|   ISNULL    |  为空运算符   |  判断一个值、字符串或表达式是否为空   |     SELECT B FROM TABLE WHERE A ISNULL      |
|     IN      |  属于运算符   |  判断一个值是否为列表中的任意一个值   |    SELECT D FROM TABLE WHERE C IN (A,B)     |
|   NOT IN    |  不属于运算符  | 判断一个值是否不是一个列表中的任意一个值 |  SELECT D FROM TABLE WHERE A NOT IN (A,B)   |
|    LIKE     | 模糊匹配运算符  |   判断一个值是否符合模糊匹配规则    |     SELECT C FROM TABLE WHERE A LIKE B      |
|   REGEXP    | 正则表达式运算符 |  判断一个值是否符合正则表达式的规则   |    SELECT C FROM TABLE WHERE A REGEXP B     |
|    RLIKE    | 正则表达式运算符 |  判断一个值是否符合正则表达式的规则   |     SELECT C FROM TABLE WHERE A RLIKE B     |
 


### 2.1 等号运算符

* 等号运算符（=）判断等号两边的值、字符串或表达式是否相等，如果相等则返回1，不相等则返回0。
* 在使用等号运算符时，遵循如下规则：
  + 如果等号两边的值、字符串或表达式都为字符串，则MySQL会按照字符串进行比较，其比较的是每个字符串中字符的ANSI编码是否相等。
  + 如果等号两边的值都是整数，则MySQL会按照整数来比较两个值的大小。
  + 如果等号两边的值一个是整数，另一个是字符串，则MySQL会将字符串转化为数字进行比较。
  + 如果等号两边的值、字符串或表达式中有一个为NULL，则比较结果为NULL。
* 对比：SQL中赋值符号使用: =

```
# 字符串存在隐式转换。如果转换数值不成功，则看做0
SELECT 1 = 2, 1 != 2, 1 = '1', 1 = 'a', 0 = 'a' 
FROM DUAL;
+-------+--------+---------+---------+---------+
| 1 = 2 | 1 != 2 | 1 = '1' | 1 = 'a' | 0 = 'a' |
+-------+--------+---------+---------+---------+
|     0 |      1 |       1 |       0 |       1 |
+-------+--------+---------+---------+---------+

# 两边都是字符串的话，则按照ANSI的比较规则进行比较。
SELECT 'a' = 'a', 'ab' = 'ab', 'a' = 'b' 
FROM DUAL;
+-----------+-------------+-----------+
| 'a' = 'a' | 'ab' = 'ab' | 'a' = 'b' |
+-----------+-------------+-----------+
|         1 |           1 |         0 |
+-----------+-------------+-----------+

# 只要有null参与判断，结果就为null
SELECT 1 = NULL, NULL = NULL 
FROM DUAL;
+----------+-------------+
| 1 = NULL | NULL = NULL |
+----------+-------------+
|     NULL |        NULL |
+----------+-------------+

#查询salary=10000，注意在Java中比较是==
SELECT employee_id,salary FROM employees WHERE salary = 10000;
+-------------+----------+
| employee_id | salary   |
+-------------+----------+
|         150 | 10000.00 |
|         156 | 10000.00 |
|         169 | 10000.00 |
|         204 | 10000.00 |
+-------------+----------+

#此时执行，不会有任何的结果
SELECT last_name, salary, commission_pct
FROM employees
WHERE commission_pct = NULL;
```

### 2.2 安全等于运算符

安全等于运算符（<=>）与等于运算符（=）的作用是相似的， 唯一的区别是`<=>`可以用来对NULL进行判断。在两个操作数均为NULL时，其返回值为1，而不为NULL；当一个操作数为NULL时，其返回值为0，而不为NULL。

```
# 为null而生
# 不处理与null相关的值时与等于运算符无异
SELECT 1 <=> 2, 1 <=> '1', 1 <=> 'a', 0 <=> 'a'
FROM DUAL;
+---------+-----------+-----------+-----------+
| 1 <=> 2 | 1 <=> '1' | 1 <=> 'a' | 0 <=> 'a' |
+---------+-----------+-----------+-----------+
|       0 |         1 |         0 |         1 |
+---------+-----------+-----------+-----------+

# 处理null值时按上述规则
SELECT 1 <=> NULL, NULL <=> NULL
FROM DUAL;
+------------+---------------+
| 1 <=> NULL | NULL <=> NULL |
+------------+---------------+
|          0 |             1 |
+------------+---------------+

#查询表中commission_pct为null的数据有哪些
SELECT last_name, salary, commission_pct
FROM employees
WHERE commission_pct <=> NULL;
```

可以看到，使用安全等于运算符时，两边的操作数的值都为NULL时，返回的结果为1而不是NULL，其他返回结果与等于运算符相同。

### 2.3 不等于运算符

不等于运算符（<>和!=）用于判断两边的数字、字符串或者表达式的值是否不相等，如果不相等则返回1，相等则返回0。不等于运算符不能判断NULL值。如果两边的值有任意一个为NULL，或两边都为NULL，则结果为NULL。

```
SELECT 3 <> 2, '4' <> NULL, '' != NULL, NULL != NULL
FROM DUAL;
+--------+-------------+------------+--------------+
| 3 <> 2 | '4' <> NULL | '' != NULL | NULL != NULL |
+--------+-------------+------------+--------------+
|      1 |        NULL |       NULL |         NULL |
+--------+-------------+------------+--------------+

SELECT 1 <> 1, 1 != 2, 'a' != 'b', (3+4) <> (2+6), 'a' != NULL, NULL <> NULL;
+--------+--------+------------+----------------+-------------+--------------+
| 1 <> 1 | 1 != 2 | 'a' != 'b' | (3+4) <> (2+6) | 'a' != NULL | NULL <> NULL |
+--------+--------+------------+----------------+-------------+--------------+
|      0 |      1 |          1 |              1 |        NULL |         NULL |
+--------+--------+------------+----------------+-------------+--------------+
```
### 2.4 空运算符

空运算符（IS NULL或者ISNULL()）判断一个值是否为NULL，如果为NULL则返回1，否则返回0。 SQL语句示例如下：
```
mysql> SELECT NULL IS NULL, ISNULL(NULL), ISNULL('a'), 1 IS NULL;
+--------------+--------------+-------------+-----------+
| NULL IS NULL | ISNULL(NULL) | ISNULL('a') | 1 IS NULL |
+--------------+--------------+-------------+-----------+
| 1            | 1            | 0           | 0         |
+--------------+--------------+-------------+-----------+
1 row in set (0.00 sec)
```

```
#查询commission_pct等于NULL。比较如下的四种写法
SELECT employee_id,commission_pct FROM employees WHERE commission_pct IS NULL;
SELECT employee_id,commission_pct FROM employees WHERE commission_pct <=> NULL;
SELECT employee_id,commission_pct FROM employees WHERE ISNULL(commission_pct);
#以上语句都能查出结果
SELECT employee_id,commission_pct FROM employees WHERE commission_pct = NULL;
#上面这条语句无法查出结果
```

### 2.5 非空运算符
非空运算符（IS NOT NULL）判断一个值是否不为NULL，如果不为NULL则返回1，否则返回0。 SQL语句示例如下：

```
mysql> SELECT NULL IS NOT NULL, 'a' IS NOT NULL, 1 IS NOT NULL;
+------------------+-----------------+---------------+
| NULL IS NOT NULL | 'a' IS NOT NULL | 1 IS NOT NULL |
+------------------+-----------------+---------------+
| 0                | 1               | 1             |
+------------------+-----------------+---------------+
1 row in set (0.01 sec)
```

```
#查询commission_pct不等于NULL
SELECT employee_id,commission_pct FROM employees WHERE commission_pct IS NOT NULL;
SELECT employee_id,commission_pct FROM employees WHERE NOT commission_pct <=> NULL;
SELECT employee_id,commission_pct FROM employees WHERE NOT ISNULL(commission_pct);
```

### 2.6 最小值运算符

语法格式为：LEAST(值1，值2，...，值n)。其中，“值n”表示参数列表中有n个值。在有两个或多个参数的情况下，返回最小值。

```
mysql> SELECT LEAST (1,0,2), LEAST('b','a','c'), LEAST(1,NULL,2);
+---------------+--------------------+-----------------+
| LEAST (1,0,2) | LEAST('b','a','c') | LEAST(1,NULL,2) |
+---------------+--------------------+-----------------+
| 0             | a                  | NULL            |
+---------------+--------------------+-----------------+
1 row in set (0.00 sec)
```

由结果可以看到，当参数是整数或者浮点数时，LEAST将返回其中最小的值（根据ASCII表进行比较）；当参数为字符串时，返回字母表中顺序最靠前的字符；当比较值列表中有NULL时，不能判断大小，返回值为NULL。

### 2.7 最大值运算符

语法格式为：GREATEST(值1，值2，...，值n)。其中，n表示参数列表中有n个值。当有两个或多个参数时，返回值为最大值。假如任意一个自变量为NULL，则GREATEST()的返回值为NULL。

```
mysql> SELECT GREATEST(1,0,2), GREATEST('b','a','c'), GREATEST(1,NULL,2);
+-----------------+-----------------------+--------------------+
| GREATEST(1,0,2) | GREATEST('b','a','c') | GREATEST(1,NULL,2) |
+-----------------+-----------------------+--------------------+
| 2               | c                     | NULL               |
+-----------------+-----------------------+--------------------+
1 row in set (0.00 sec)
```

由结果可以看到，当参数中是整数或者浮点数时，GREATEST将返回其中最大的值；当参数为字符串时，返回字母表中顺序最靠后的字符（根据ASCII表进行比较）；当比较值列表中有NULL时，不能判断大小，返回值为NULL。

### 2.8 BETWEEN AND运算符

BETWEEN运算符使用的格式通常为`SELECT D FROM TABLE WHERE C BETWEEN A AND B`，此时，当C大于或等于A，并且C小于或等于B时，结果为1，否则结果为0。

```
mysql> SELECT 1 BETWEEN 0 AND 1, 10 BETWEEN 11 AND 12, 'b' BETWEEN 'a' AND 'c';
+-------------------+----------------------+-------------------------+
| 1 BETWEEN 0 AND 1 | 10 BETWEEN 11 AND 12 | 'b' BETWEEN 'a' AND 'c' |
+-------------------+----------------------+-------------------------+
| 1                 | 0                    | 1                       |
+-------------------+----------------------+-------------------------+
1 row in set (0.00 sec)
```

```
SELECT last_name, salary
FROM employees
WHERE salary BETWEEN 2500 AND 3500;

#注意，如果写成以下这样则不会有结果
SELECT last_name, salary
FROM employees
WHERE salary BETWEEN 3500 AND 2500;
```

### 2.9 IN运算符

IN运算符用于判断给定的值是否是IN列表中的一个值，如果是则返回1，否则返回0。如果给定的值为NULL，或者IN列表中存在NULL，则结果为NULL。

```
mysql> SELECT 'a' IN ('a','b','c'), 1 IN (2,3), NULL IN ('a','b'), 'a' IN ('a', NULL);
+----------------------+------------+-------------------+--------------------+
| 'a' IN ('a','b','c') | 1 IN (2,3) | NULL IN ('a','b') | 'a' IN ('a', NULL) |
+----------------------+------------+-------------------+--------------------+
| 1                    | 0          | NULL              | 1                  |
+----------------------+------------+-------------------+--------------------+
1 row in set (0.00 sec)
```

```
SELECT employee_id, last_name, salary, manager_id
FROM employees
WHERE manager_id IN (100, 101, 201);
```

### 2.10 NOT IN运算符

NOT IN运算符用于判断给定的值是否不是IN列表中的一个值，如果不是IN列表中的一个值，则返回1，否则返回0。
```
mysql> SELECT 'a' NOT IN ('a','b','c'), 1 NOT IN (2,3);
+--------------------------+----------------+
| 'a' NOT IN ('a','b','c') | 1 NOT IN (2,3) |
+--------------------------+----------------+
| 0                        | 1              |
+--------------------------+----------------+
1 row in set (0.00 sec)
```

### 2.11 LIKE运算符

LIKE运算符主要用来匹配字符串，通常用于模糊匹配，如果满足条件则返回1，否则返回0。如果给定的值或者匹配条件为NULL，则返回结果为NULL。

LIKE运算符通常使用如下通配符：
```
“%”：匹配0个或多个任意字符。
“_”：只能匹配一个任意字符。
```

SQL语句示例如下：

```
mysql> select 'abc' like 'abc', 'abc' like 'cba', 'abc' like 'a%c', 'abc' like 'a_c' from dual;
+------------------+------------------+------------------+------------------+
| 'abc' like 'abc' | 'abc' like 'cba' | 'abc' like 'a%c' | 'abc' like 'a_c' |
+------------------+------------------+------------------+------------------+
|                1 |                0 |                1 |                1 |
+------------------+------------------+------------------+------------------+
```
```sql
#查询last_name中包含字符'a'的员工信息
SELECT last_name
FROM employees
WHERE last_name LIKE '%a%';

#查询last_name中以字符'a'开头的员工信息
SELECT last_name
FROM employees
WHERE last_name LIKE 'a%';

#查询last_name中包含字符'a'且包含字符'e'的员工信息
#写法1：
SELECT last_name
FROM employees
WHERE last_name LIKE '%a%' AND last_name LIKE '%e%';
#写法2：
SELECT last_name
FROM employees
WHERE last_name LIKE '%a%e%' OR last_name LIKE '%e%a%';

#查询第3个字符是'a'的员工信息
SELECT last_name
FROM employees
WHERE last_name LIKE '__a%';
```

#### 转义
方式1：使用转义字符 '\'
```sql
#查询第2个字符是_且第3个字符是'a'的员工信息
SELECT last_name
FROM employees
WHERE last_name LIKE '_\_a%';
```

方式2：使用ESCAPE关键字
在ESCAPE关键字后的符号将转换成为转义字符，等同于 '\'
```sql
#查询第2个字符是_且第3个字符是'a'的员工信息
SELECT last_name
FROM employees
WHERE last_name LIKE '_$_a%' ESCAPE '$';
```

### 2.12 REGEXP运算符

REGEXP运算符用来匹配字符串，语法格式为：`expr REGEXP 匹配条件`。如果expr满足匹配条件，返回1；如果不满足，则返回0。若expr或匹配条件任意一个为NULL，则结果为NULL。

REGEXP运算符在进行匹配时，常用的有下面几种通配符：

```
（1）‘^’匹配以该字符后面的字符开头的字符串。
（2）‘$’匹配以该字符前面的字符结尾的字符串。
（3）‘.’匹配任何一个单字符。
（4）“[...]”匹配在方括号内的任何字符。例如，“[abc]”匹配“a”或“b”或“c”。为了命名字符的范围，使用一
个‘-’。“[a-z]”匹配任何字母，而“[0-9]”匹配任何数字。
（5）‘*’匹配零个或多个在它前面的字符。例如，“x*”匹配任何数量的‘x’字符，“[0-9]*”匹配任何数量的数字，
而“*”匹配任何数量的任何字符。
```

SQL语句示例如下：

```
mysql> SELECT 'shkstart' REGEXP '^s', 'shkstart' REGEXP 't$', 'shkstart' REGEXP 'hk';
+------------------------+------------------------+-------------------------+
| 'shkstart' REGEXP '^s' | 'shkstart' REGEXP 't$' | 'shkstart' REGEXP 'hk'  |
+------------------------+------------------------+-------------------------+
| 1                      | 1                      | 1                       |
+------------------------+------------------------+-------------------------+
1 row in set (0.01 sec)

mysql> SELECT 'atguigu' REGEXP 'gu.gu', 'atguigu' REGEXP '[ab]';
+--------------------------+-------------------------+
| 'atguigu' REGEXP 'gu.gu' | 'atguigu' REGEXP '[ab]' |
+--------------------------+-------------------------+
| 1                        | 1                       |
+--------------------------+-------------------------+
1 row in set (0.00 sec)
```

## 3. 逻辑运算符

逻辑运算符主要用来判断表达式的真假，在MySQL中，逻辑运算符的返回结果为1、0或者NULL。

MySQL中支持4种逻辑运算符如下：

|        运算符        |  作用  |                    示例                     |
|:-----------------:|:----:|:-----------------------------------------:|
|      NOT 或 !      | 逻辑非  |               SELECT NOT A                |
|     AND 或 &&      | 逻辑与  |    SELECT A AND B <br/> SELECT A && B     |
| OR 或 &#124;&#124; | 逻辑或  | SELECT A OR B<br/>SELECT A &#124;&#124; B |
|        XOR        | 逻辑异或 |              SELECT A XOR B               |

### 3.1 逻辑非运算符

逻辑非（NOT或!）运算符表示当给定的值为0时返回1；当给定的值为非0值时返回0；当给定的值为NULL时，返回NULL。

```
mysql> SELECT NOT 1, NOT 0, NOT(1+1), NOT !1, NOT NULL;
+-------+-------+----------+--------+----------+
| NOT 1 | NOT 0 | NOT(1+1) | NOT !1 | NOT NULL |
+-------+-------+----------+--------+----------+
| 0     | 1     | 0        | 1      | NULL     |
+-------+-------+----------+--------+----------+
1 row in set, 1 warning (0.00 sec)
```

```sql
SELECT last_name, job_id
FROM employees
WHERE job_id NOT IN ('IT_PROG', 'ST_CLERK', 'SA_REP');
```

### 3.2. 逻辑与运算符

逻辑与（AND或&&）运算符是当给定的所有值均为非0值，并且都不为NULL时，返回1；当给定的一个值或者多个值为0时则返回0；否则返回NULL。

```
mysql> SELECT 1 AND -1, 0 AND 1, 0 AND NULL, 1 AND NULL;
+----------+---------+------------+------------+
| 1 AND -1 | 0 AND 1 | 0 AND NULL | 1 AND NULL |
+----------+---------+------------+------------+
| 1        | 0       | 0          | NULL       |
+----------+---------+------------+------------+
1 row in set (0.00 sec)
```

```sql
SELECT last_name, salary, department_id
FROM employees
WHERE department_id = 50
  AND salary > 6000;
```

### 3.3. 逻辑或运算符

逻辑或（OR或||）运算符是当给定的值都不为NULL，并且任何一个值为非0值时，则返回1，否则返回0；当一个值为NULL，并且另一个值为非0值时，返回1，否则返回NULL；当两个值都为NULL时，返回NULL。

```
mysql> SELECT 1 OR -1, 1 OR 0, 1 OR NULL, 0 || NULL, NULL || NULL;
+---------+--------+-----------+-----------+--------------+
| 1 OR -1 | 1 OR 0 | 1 OR NULL | 0 || NULL | NULL || NULL |
+---------+--------+-----------+-----------+--------------+
| 1       | 1      | 1         | NULL      | NULL         |
+---------+--------+-----------+-----------+--------------+
1 row in set, 2 warnings (0.00 sec)
```

```sql
#查询基本薪资不在9000-12000之间的员工编号和基本薪资
SELECT employee_id,salary FROM employees
WHERE NOT (salary >= 9000 AND salary <= 12000);
SELECT employee_id,salary FROM employees
WHERE salary <9000 OR salary > 12000;
SELECT employee_id,salary FROM employees
WHERE salary NOT BETWEEN 9000 AND 12000;
```















